{
  "accuracy": 0.8665792922673656,
  "precision": 0.7847222222222222,
  "recall": 0.6147986942328618,
  "f1": 0.689444783404515,
  "roc_auc": 0.9200732389878501,
  "classification_report": {
    "false_positive": {
      "precision": 0.88562197092084,
      "recall": 0.9464779005524862,
      "f1-score": 0.915039225504924,
      "support": 2896.0
    },
    "confirmed": {
      "precision": 0.7847222222222222,
      "recall": 0.6147986942328618,
      "f1-score": 0.689444783404515,
      "support": 919.0
    },
    "accuracy": 0.8665792922673656,
    "macro avg": {
      "precision": 0.8351720965715311,
      "recall": 0.780638297392674,
      "f1-score": 0.8022420044547195,
      "support": 3815.0
    },
    "weighted avg": {
      "precision": 0.8613161074728637,
      "recall": 0.8665792922673656,
      "f1-score": 0.8606955053764114,
      "support": 3815.0
    }
  },
  "model_params": {
    "depth": 6,
    "learning_rate": 0.05,
    "iterations": 500,
    "l2_leaf_reg": 3.0
  },
  "cross_validation": {
    "accuracy": {
      "mean": 0.8636124932503921,
      "std": 0.003587070686052671,
      "all_scores": [
        0.8577981651376146,
        0.8646788990825688,
        0.8689384010484927,
        0.8639790232710587,
        0.8626679777122255
      ]
    },
    "roc_auc": {
      "mean": 0.9135780235303603,
      "std": 0.00295282417558674,
      "all_scores": [
        0.9105769541308106,
        0.9126116048491041,
        0.9178958247088218,
        0.9161369759589998,
        0.9106687580040651
      ]
    },
    "f1": {
      "mean": 0.6854809169558809,
      "std": 0.008680457748312219,
      "all_scores": [
        0.6722054380664653,
        0.6840091813312931,
        0.6992481203007519,
        0.683929931454684,
        0.68801191362621
      ]
    }
  }
}