{
  "accuracy": 0.8650065530799476,
  "precision": 0.7032193158953722,
  "recall": 0.7606093579978237,
  "f1": 0.7307893361212755,
  "roc_auc": 0.9215731878873866,
  "classification_report": {
    "false_positive": {
      "precision": 0.9220134704005671,
      "recall": 0.898135359116022,
      "f1-score": 0.9099177890502012,
      "support": 2896.0
    },
    "confirmed": {
      "precision": 0.7032193158953722,
      "recall": 0.7606093579978237,
      "f1-score": 0.7307893361212755,
      "support": 919.0
    },
    "accuracy": 0.8650065530799476,
    "macro avg": {
      "precision": 0.8126163931479697,
      "recall": 0.8293723585569228,
      "f1-score": 0.8203535625857383,
      "support": 3815.0
    },
    "weighted avg": {
      "precision": 0.8693078798395517,
      "recall": 0.8650065530799476,
      "f1-score": 0.8667673176893407,
      "support": 3815.0
    }
  },
  "model_params": {
    "n_estimators": 500,
    "learning_rate": 0.05,
    "num_leaves": 63,
    "subsample": 0.8,
    "colsample_bytree": 0.8
  },
  "cross_validation": {
    "accuracy": {
      "mean": 0.8588937816834219,
      "std": 0.003315777108815836,
      "all_scores": [
        0.8528833551769331,
        0.8594364351245085,
        0.8630406290956749,
        0.8590626024254343,
        0.8600458865945592
      ]
    },
    "roc_auc": {
      "mean": 0.9154758985928989,
      "std": 0.001956480082691558,
      "all_scores": [
        0.9129809541425546,
        0.914750190106254,
        0.9167161383327609,
        0.9185742392151837,
        0.9143579711677415
      ]
    },
    "f1": {
      "mean": 0.7190300248458746,
      "std": 0.006290479603195914,
      "all_scores": [
        0.7101355713363461,
        0.7157057654075547,
        0.727509778357236,
        0.7171052631578947,
        0.7246937459703418
      ]
    }
  }
}