{
  "accuracy": 0.8401048492791612,
  "precision": 0.7528641571194763,
  "recall": 0.500544069640914,
  "f1": 0.6013071895424836,
  "roc_auc": 0.8859257299851507,
  "classification_report": {
    "false_positive": {
      "precision": 0.8567415730337079,
      "recall": 0.9478591160220995,
      "f1-score": 0.9,
      "support": 2896.0
    },
    "confirmed": {
      "precision": 0.7528641571194763,
      "recall": 0.500544069640914,
      "f1-score": 0.6013071895424836,
      "support": 919.0
    },
    "accuracy": 0.8401048492791612,
    "macro avg": {
      "precision": 0.8048028650765922,
      "recall": 0.7242015928315068,
      "f1-score": 0.7506535947712418,
      "support": 3815.0
    },
    "weighted avg": {
      "precision": 0.8317184157007645,
      "recall": 0.8401048492791612,
      "f1-score": 0.8280475248203257,
      "support": 3815.0
    }
  },
  "model_params": {
    "n_estimators": 300,
    "learning_rate": 0.05,
    "max_depth": 3,
    "subsample": 0.9
  },
  "cross_validation": {
    "accuracy": {
      "mean": 0.838445423003351,
      "std": 0.0052296184710465534,
      "all_scores": [
        0.8292922673656619,
        0.8407601572739187,
        0.8450196592398427,
        0.8400524418223533,
        0.8371025893149787
      ]
    },
    "roc_auc": {
      "mean": 0.8858778471538056,
      "std": 0.004197038052199842,
      "all_scores": [
        0.8794776261821086,
        0.8883875172857232,
        0.8875704273940911,
        0.8911919246324113,
        0.8827617402746937
      ]
    },
    "f1": {
      "mean": 0.6017267905876758,
      "std": 0.015165194418869776,
      "all_scores": [
        0.5753871230643847,
        0.6029411764705882,
        0.6225059856344772,
        0.6013071895424836,
        0.6064924782264449
      ]
    }
  }
}