{
  "accuracy": 0.8655307994757536,
  "precision": 0.7622739018087855,
  "recall": 0.6420021762785637,
  "f1": 0.6969875959834613,
  "roc_auc": 0.9160550893055748,
  "classification_report": {
    "false_positive": {
      "precision": 0.8918119039789543,
      "recall": 0.93646408839779,
      "f1-score": 0.9135927235977767,
      "support": 2896.0
    },
    "confirmed": {
      "precision": 0.7622739018087855,
      "recall": 0.6420021762785637,
      "f1-score": 0.6969875959834613,
      "support": 919.0
    },
    "accuracy": 0.8655307994757536,
    "macro avg": {
      "precision": 0.82704290289387,
      "recall": 0.7892331323381769,
      "f1-score": 0.805290159790619,
      "support": 3815.0
    },
    "weighted avg": {
      "precision": 0.8606073367458259,
      "recall": 0.8655307994757536,
      "f1-score": 0.8614144503926505,
      "support": 3815.0
    }
  },
  "model_params": {
    "n_estimators": 500,
    "min_samples_split": 4,
    "min_samples_leaf": 2,
    "max_depth": null
  },
  "cross_validation": {
    "accuracy": {
      "mean": 0.8593530771983318,
      "std": 0.004928108288010595,
      "all_scores": [
        0.8519003931847968,
        0.8551769331585846,
        0.8617300131061599,
        0.8639790232710587,
        0.8639790232710587
      ]
    },
    "roc_auc": {
      "mean": 0.9096791645653534,
      "std": 0.0028208945513705235,
      "all_scores": [
        0.9052181597714615,
        0.9076999638871517,
        0.9109269257983728,
        0.9129579497118208,
        0.9115928236579605
      ]
    },
    "f1": {
      "mean": 0.682655160089952,
      "std": 0.012752362009005926,
      "all_scores": [
        0.6661742983751846,
        0.6691616766467066,
        0.6878698224852071,
        0.6914498141263941,
        0.6986201888162672
      ]
    }
  }
}