{
  "dataset": "Kepler KOI",
  "model": "Logistic Regression",
  "accuracy": 0.6469200524246396,
  "precision": 0.3887733887733888,
  "recall": 0.8139281828073993,
  "f1": 0.5262047133309884,
  "roc_auc": 0.7680918185152009,
  "cross_validation": {
    "accuracy": {
      "mean": 0.6363221907347912,
      "std": 0.010629226902872003,
      "all_scores": [
        0.6176277850589778,
        0.6503931847968545,
        0.6369593709043251,
        0.6404457554900033,
        0.6361848574237955
      ]
    },
    "roc_auc": {
      "mean": 0.7585524902771115,
      "std": 0.009200104430453946,
      "all_scores": [
        0.7436980143805473,
        0.7708131850064152,
        0.7578654077081847,
        0.7553775611844218,
        0.7650082831059885
      ]
    },
    "f1": {
      "mean": 0.5125011149835442,
      "std": 0.010412161872736773,
      "all_scores": [
        0.4963314630988347,
        0.5289183222958057,
        0.5101679929266136,
        0.5122276567363273,
        0.5148601398601399
      ]
    }
  },
  "classification_report": {
    "false_positive": {
      "precision": 0.9095716552088842,
      "recall": 0.5939226519337016,
      "f1-score": 0.7186129099644871,
      "support": 2896.0
    },
    "confirmed": {
      "precision": 0.3887733887733888,
      "recall": 0.8139281828073993,
      "f1-score": 0.5262047133309884,
      "support": 919.0
    },
    "accuracy": 0.6469200524246396,
    "macro avg": {
      "precision": 0.6491725219911365,
      "recall": 0.7039254173705505,
      "f1-score": 0.6224088116477378,
      "support": 3815.0
    },
    "weighted avg": {
      "precision": 0.7841159260203598,
      "recall": 0.6469200524246396,
      "f1-score": 0.6722634649563128,
      "support": 3815.0
    }
  }
}