{
  "accuracy": 0.8663171690694627,
  "precision": 0.7737617135207496,
  "recall": 0.6289445048966268,
  "f1": 0.6938775510204082,
  "roc_auc": 0.9216898547544472,
  "classification_report": {
    "false_positive": {
      "precision": 0.8888526727509778,
      "recall": 0.9416436464088398,
      "f1-score": 0.9144869215291751,
      "support": 2896.0
    },
    "confirmed": {
      "precision": 0.7737617135207496,
      "recall": 0.6289445048966268,
      "f1-score": 0.6938775510204082,
      "support": 919.0
    },
    "accuracy": 0.8663171690694627,
    "macro avg": {
      "precision": 0.8313071931358638,
      "recall": 0.7852940756527333,
      "f1-score": 0.8041822362747917,
      "support": 3815.0
    },
    "weighted avg": {
      "precision": 0.8611282713007604,
      "recall": 0.8663171690694627,
      "f1-score": 0.8613440613725416,
      "support": 3815.0
    }
  },
  "model_params": {
    "n_estimators": 400,
    "learning_rate": 0.05,
    "max_depth": 6,
    "subsample": 0.8,
    "colsample_bytree": 0.8
  },
  "cross_validation": {
    "accuracy": {
      "mean": 0.8645299888784503,
      "std": 0.0028277351466115277,
      "all_scores": [
        0.8604193971166448,
        0.8669724770642202,
        0.8676277850589778,
        0.8656178302196001,
        0.8620124549328089
      ]
    },
    "roc_auc": {
      "mean": 0.9158897968848653,
      "std": 0.0018857244995791299,
      "all_scores": [
        0.9131301031418178,
        0.9164172531334502,
        0.9166674006676473,
        0.9186447993094518,
        0.9145894281719598
      ]
    },
    "f1": {
      "mean": 0.6954433914493039,
      "std": 0.0054080409731347675,
      "all_scores": [
        0.6867647058823529,
        0.6951951951951952,
        0.7038123167155426,
        0.6962962962962963,
        0.6951484431571325
      ]
    }
  }
}