{
  "accuracy": 0.8272608125819135,
  "precision": 0.688953488372093,
  "recall": 0.515778019586507,
  "f1": 0.5899191039203485,
  "roc_auc": 0.8667491538364425,
  "classification_report": {
    "false_positive": {
      "precision": 0.8576910777102654,
      "recall": 0.9261049723756906,
      "f1-score": 0.8905860866677735,
      "support": 2896.0
    },
    "confirmed": {
      "precision": 0.688953488372093,
      "recall": 0.515778019586507,
      "f1-score": 0.5899191039203485,
      "support": 919.0
    },
    "accuracy": 0.8272608125819135,
    "macro avg": {
      "precision": 0.7733222830411792,
      "recall": 0.7209414959810988,
      "f1-score": 0.7402525952940611,
      "support": 3815.0
    },
    "weighted avg": {
      "precision": 0.8170436741449233,
      "recall": 0.8272608125819135,
      "f1-score": 0.8181580507189181,
      "support": 3815.0
    }
  },
  "model_params": {
    "hidden_layer_sizes": [
      128,
      64,
      32
    ],
    "activation": "relu",
    "alpha": 0.0001,
    "learning_rate": "adaptive",
    "learning_rate_init": 0.001,
    "max_iter": 300
  },
  "cross_validation": {
    "accuracy": {
      "mean": 0.8129505484096701,
      "std": 0.004215192345608537,
      "all_scores": [
        0.8066841415465269,
        0.8152031454783748,
        0.8174967234600262,
        0.8092428711897739,
        0.816125860373648
      ]
    },
    "roc_auc": {
      "mean": 0.8538224589539899,
      "std": 0.002382209032994237,
      "all_scores": [
        0.8505691443603768,
        0.8526360911218178,
        0.8531181829658925,
        0.8552418506031124,
        0.8575470257187504
      ]
    },
    "f1": {
      "mean": 0.5545702842698595,
      "std": 0.01849062063736122,
      "all_scores": [
        0.5234248788368336,
        0.573373676248109,
        0.5489878542510122,
        0.553680981595092,
        0.5733840304182509
      ]
    }
  }
}