{
  "accuracy": 0.8811475409836066,
  "precision": 0.8412863070539419,
  "recall": 0.8824809575625681,
  "f1": 0.8613913967073819,
  "roc_auc": 0.9494837516179361
}